{"cameraMode":{"drawMode":0,"name":"Shaded","section":"Shading Mode"},"sceneLighting":false,"audioPlay":false,"sceneViewState":{"m_AlwaysRefresh":false,"showFog":true,"showSkybox":false,"showFlares":true,"showImageEffects":true,"showParticleSystems":true,"showVisualEffectGraphs":true,"m_FxEnabled":true},"in2DMode":false,"pivot":{"x":3.7481682300567629,"y":2.1393964290618898,"z":2.5090487003326418},"rotation":{"x":-0.1660066545009613,"y":-0.6960036158561707,"z":0.17055359482765199,"w":-0.6774550676345825},"size":2.0660252571105959,"orthographic":false}