{"cameraMode":{"drawMode":0,"name":"Shaded","section":"Shading Mode"},"sceneLighting":false,"audioPlay":false,"sceneViewState":{"m_AlwaysRefresh":false,"showFog":true,"showSkybox":false,"showFlares":true,"showImageEffects":true,"showParticleSystems":true,"showVisualEffectGraphs":true,"m_FxEnabled":true},"in2DMode":false,"pivot":{"x":2.078913450241089,"y":1.5179755687713624,"z":-2.613091468811035},"rotation":{"x":0.0016022769268602133,"y":-0.9977476000785828,"z":0.025757918134331704,"w":0.062046147882938388},"size":1.2247449159622193,"orthographic":false}